{"cameraMode":{"drawMode":0,"name":"Shaded","section":"Shading Mode"},"sceneLighting":false,"audioPlay":false,"sceneViewState":{"showFog":true,"showMaterialUpdate":false,"showSkybox":false,"showFlares":true,"showImageEffects":true,"showParticleSystems":true},"in2DMode":false,"pivot":{"x":1.1420832872390748,"y":1.5366116762161255,"z":-0.9110766053199768},"rotation":{"x":-0.00235945382155478,"y":0.9955714344978333,"z":0.027798950672149659,"w":0.0930091068148613},"size":1.124122142791748,"orthographic":false}