{"cameraMode":{"drawMode":0,"name":"Shaded","section":"Shading Mode"},"sceneLighting":false,"audioPlay":false,"sceneViewState":{"showFog":true,"showMaterialUpdate":false,"showSkybox":false,"showFlares":true,"showImageEffects":true,"showParticleSystems":true},"in2DMode":false,"pivot":{"x":-0.8903141021728516,"y":-0.22172045707702638,"z":-1.669854998588562},"rotation":{"x":0.05702361464500427,"y":-0.9404841065406799,"z":0.1975288838148117,"w":0.2717331051826477},"size":1.368335247039795,"orthographic":false}