{"cameraMode":{"drawMode":0,"name":"Shaded","section":"Shading Mode"},"sceneLighting":false,"audioPlay":false,"sceneViewState":{"showFog":true,"showMaterialUpdate":false,"showSkybox":false,"showFlares":true,"showImageEffects":true,"showParticleSystems":true},"in2DMode":false,"pivot":{"x":-1.6536976099014283,"y":-0.8155810832977295,"z":-1.352264404296875},"rotation":{"x":0.076448954641819,"y":-0.9025463461875916,"z":0.1797206848859787,"w":0.38455528020858767},"size":1.368335247039795,"orthographic":false}