{"cameraMode":{"drawMode":0,"name":"Shaded","section":"Shading Mode"},"sceneLighting":false,"audioPlay":false,"sceneViewState":{"showFog":true,"showMaterialUpdate":false,"showSkybox":false,"showFlares":true,"showImageEffects":true,"showParticleSystems":true},"in2DMode":false,"pivot":{"x":1.8252458572387696,"y":3.2248406410217287,"z":-8.538511276245118},"rotation":{"x":-0.03181050345301628,"y":-0.964844822883606,"z":0.2202659547328949,"w":-0.14049193263053895},"size":27.758174896240236,"orthographic":false}