{"cameraMode":{"drawMode":0,"name":"Shaded","section":"Shading Mode"},"sceneLighting":true,"audioPlay":false,"sceneViewState":{"showFog":true,"showMaterialUpdate":false,"showSkybox":true,"showFlares":true,"showImageEffects":true,"showParticleSystems":true},"in2DMode":false,"pivot":{"x":6.450373649597168,"y":10.58216667175293,"z":-13.108339309692383},"rotation":{"x":0.09255867451429367,"y":0.726129949092865,"z":-0.09976819902658463,"w":0.674014151096344},"size":1.2247449159622193,"orthographic":false}