{"cameraMode":{"drawMode":0,"name":"Shaded","section":"Shading Mode"},"sceneLighting":true,"audioPlay":false,"sceneViewState":{"showFog":true,"showMaterialUpdate":false,"showSkybox":true,"showFlares":true,"showImageEffects":true,"showParticleSystems":true},"in2DMode":false,"pivot":{"x":-60.78837585449219,"y":33.532691955566409,"z":23.74098014831543},"rotation":{"x":0.15272025763988496,"y":0.6285721063613892,"z":-0.12768228352069856,"w":0.7518635988235474},"size":1.015130639076233,"orthographic":false}