{"cameraMode":{"drawMode":0,"name":"Shaded","section":"Shading Mode"},"sceneLighting":false,"audioPlay":false,"sceneViewState":{"showFog":true,"showMaterialUpdate":false,"showSkybox":false,"showFlares":true,"showImageEffects":true,"showParticleSystems":true},"in2DMode":false,"pivot":{"x":15.834718704223633,"y":-0.008488118648529053,"z":-17.2315673828125},"rotation":{"x":-0.09857254475355149,"y":0.006744996644556522,"z":-0.0004813791601918638,"w":-0.9953801035881043},"size":5.574289321899414,"orthographic":false}