{"cameraMode":{"drawMode":0,"name":"Shaded","section":"Shading Mode"},"sceneLighting":true,"audioPlay":false,"sceneViewState":{"showFog":true,"showMaterialUpdate":false,"showSkybox":true,"showFlares":true,"showImageEffects":true,"showParticleSystems":true},"in2DMode":false,"pivot":{"x":3.7704875469207765,"y":1.0365355014801026,"z":-0.7277233600616455},"rotation":{"x":-0.0745537281036377,"y":0.8676556944847107,"z":-0.13699999451637269,"w":-0.47210192680358889},"size":1.5797464847564698,"orthographic":false}