{"cameraMode":{"drawMode":0,"name":"Shaded","section":"Shading Mode"},"sceneLighting":true,"audioPlay":false,"sceneViewState":{"showFog":true,"showMaterialUpdate":false,"showSkybox":true,"showFlares":true,"showImageEffects":true,"showParticleSystems":true},"in2DMode":false,"pivot":{"x":2.673135280609131,"y":1.053812026977539,"z":0.752976655960083},"rotation":{"x":-0.22885361313819886,"y":0.5050929188728333,"z":-0.140933558344841,"w":-0.820171058177948},"size":1.2247449159622193,"orthographic":false}