{"cameraMode":{"drawMode":0,"name":"Shaded","section":"Shading Mode"},"sceneLighting":true,"audioPlay":false,"sceneViewState":{"showFog":true,"showMaterialUpdate":false,"showSkybox":false,"showFlares":true,"showImageEffects":true,"showParticleSystems":true},"in2DMode":false,"pivot":{"x":6.588727951049805,"y":22.175521850585939,"z":3.355976104736328},"rotation":{"x":0.039612818509340289,"y":0.013702159747481346,"z":-0.00001639103538764175,"w":0.9994689226150513},"size":10.0,"orthographic":false}