{"cameraMode":{"drawMode":0,"name":"Shaded","section":"Shading Mode"},"sceneLighting":false,"audioPlay":false,"sceneViewState":{"showFog":true,"showMaterialUpdate":false,"showSkybox":false,"showFlares":true,"showImageEffects":true,"showParticleSystems":true},"in2DMode":false,"pivot":{"x":-6.274237155914307,"y":4.088907718658447,"z":-3.420722484588623},"rotation":{"x":0.025281429290771486,"y":0.9712156653404236,"z":-0.20580469071865083,"w":0.11963313072919846},"size":1.3095648288726807,"orthographic":false}